match_id,player_id,event_time,event_type
1012,174835,21,penalty
1012,2204,57,goal
102,79318,106,goal
102,79318,108,goal
102,44555,115,goal
102,174649,44,yellow
103,174867,25,goal
103,174684,61,penalty
103,174518,65,goal
103,174708,83,penalty
103,174708,105,penalty
103,174740,28,yellow
1044,44752,1,yellow
1051,174486,18,goal
1051,59816,29,goal
1051,59816,32,goal
1051,58575,54,goal
1051,60039,64,goal
1051,181332,73,goal
1051,45752,79,goal
1054,49828,24,goal
1054,174409,48,goal
1054,46145,68,goal
1055,44647,55,goal
1055,174694,58,goal
1055,160825,61,goal
1055,47055,68,goal
1055,47789,76,goal
1055,52634,83,goal
1055,59530,31,yellow
1058,47683,1,yellow
1071,174645,15,goal
1071,47683,59,goal
1071,57932,84,goal
1071,44651,86,goal
1071,44651,5,yellow
108,79318,76,goal
108,79318,86,goal
108,174366,88,goal
108,174822,20,yellow
1084,61693,12,goal
1084,61693,13,goal
1084,58531,15,goal
1084,49179,51,goal
1085,174777,81,goal
1086,61693,8,goal
1086,60407,12,goal
1086,61693,17,goal
1086,57131,42,penalty
1086,44726,53,goal
1086,60407,55,goal
1086,57131,65,goal
1086,49834,75,goal
1086,61693,80,goal
1087,48687,12,goal
1087,174854,20,goal
1087,61693,37,goal
1087,47419,57,goal
1087,51279,68,goal
1087,47398,89,goal
1088,174777,20,goal
1088,57749,56,goal
1088,61693,69,goal
1088,174854,80,goal
1088,174854,85,goal
1088,61693,87,goal
1088,46989,89,goal
1089,56077,40,penalty
1090,53957,23,goal
1090,49494,45,goal
1090,55992,69,goal
1091,59994,37,goal
1091,63823,67,goal
1091,59994,73,goal
1091,63823,83,goal
1092,46364,60,goal
1092,53657,65,goal
1092,46364,67,goal
1092,59734,85,goal
1093,61698,21,goal
1093,46364,30,goal
1093,63823,62,goal
1094,58531,65,goal
1095,59596,3,goal
1095,57131,51,owngoal
1095,59596,65,goal
1096,29657,19,goal
1096,52726,40,goal
1096,53765,43,goal
1096,47331,70,goal
1096,53765,87,goal
1097,55992,10,goal
1097,55992,15,goal
1097,55992,50,goal
1098,48467,1,goal
1098,58313,75,goal
1098,58384,79,goal
1098,52463,89,goal
1098,49705,70,red
1099,47398,60,goal
1100,48687,7,goal
1100,57652,24,goal
1100,45675,30,goal
1100,47419,35,goal
1101,59734,4,goal
1101,47419,18,goal
1101,45675,20,goal
1101,45675,31,goal
1101,51279,61,goal
1101,47419,67,goal
1101,47419,72,goal
1102,46383,4,goal
1102,51569,9,goal
1102,49694,48,goal
1102,51569,67,goal
1102,52535,79,goal
1104,55121,18,goal
1104,44642,44,goal
1104,44608,93,goal
1104,174400,109,goal
1104,59574,116,penalty
1105,52908,1,goal
1105,47914,27,goal
1105,51009,28,goal
1105,52908,42,goal
1105,44631,54,goal
1106,51009,8,goal
1106,60365,51,goal
1106,44605,60,penalty
1106,53662,63,red
1107,174579,19,goal
1108,52297,25,goal
1108,59711,29,goal
1108,59711,43,goal
1108,58001,49,goal
1108,47914,66,goal
1108,47914,70,goal
1108,47914,87,goal
111,174883,20,goal
111,44783,29,goal
111,44775,52,goal
111,174504,63,goal
111,174649,61,yellow
1111,51276,18,penalty
1111,51276,25,goal
1111,52723,29,goal
1111,63829,55,goal
1119,58843,11,goal
1119,59017,31,goal
1119,49294,35,goal
1119,49294,39,goal
1119,59658,53,goal
1119,59017,61,goal
1122,56771,30,goal
1122,174537,44,goal
1123,174761,11,goal
1129,50950,60,goal
1129,50950,63,goal
1129,48779,82,goal
1130,174799,21,goal
1130,55223,62,goal
1130,174799,69,goal
1130,174799,80,goal
1133,52146,7,goal
1133,58166,29,goal
1133,52146,43,goal
1133,174322,66,goal
1133,59550,69,goal
1134,174884,71,goal
1134,174825,81,goal
1134,44610,95,goal
1135,44610,18,goal
1135,174825,20,goal
1135,44610,29,goal
1135,48676,57,goal
1135,174537,63,goal
1135,44610,64,goal
1135,174825,69,goal
1135,174761,90,goal
114,174711,88,goal
114,154742,90,goal
114,122746,15,yellow
1141,48634,11,goal
1141,174884,50,goal
1141,174799,67,goal
1143,52146,12,goal
1143,58627,24,goal
1143,58193,49,goal
1143,51384,78,goal
1143,174799,82,goal
1146,59523,1,goal
1146,55121,16,goal
1146,51297,38,goal
1146,55121,69,goal
1149,174474,51,goal
1149,174761,60,penalty
1149,63836,87,goal
1150,63829,18,goal
1150,58666,23,penalty
1150,63836,25,goal
1150,56091,44,goal
1150,44754,53,goal
1150,44754,59,goal
1150,56091,71,goal
1150,44754,89,goal
1150,63829,93,goal
1150,63829,104,goal
1150,44754,118,goal
1151,51569,28,goal
1151,55350,38,goal
1151,63836,44,goal
1151,63829,63,goal
1151,63829,74,goal
1151,56091,80,goal
1152,63829,30,goal
1152,174799,65,penalty
1152,63834,14,red
1152,56890,89,red
1152,63832,89,red
1153,174678,25,goal
1153,63829,57,goal
1153,56956,63,goal
1156,46605,35,goal
1156,58197,44,goal
1156,69663,69,goal
1156,46209,88,goal
1156,58197,103,goal
1156,48634,105,goal
1157,48634,35,goal
1157,58197,51,goal
1157,49358,57,goal
1158,45598,9,goal
1158,59912,22,goal
1158,59912,37,goal
1158,59912,44,goal
1158,52017,80,goal
1158,45598,81,goal
1158,55350,84,goal
1158,45598,89,goal
1164,174474,9,goal
1164,50742,10,goal
1164,174862,51,goal
1164,174862,72,goal
1165,49822,29,goal
1165,174322,43,goal
1165,56173,96,red
1166,291616,8,goal
1166,53131,22,owngoal
1166,59783,42,goal
1166,46574,64,goal
1166,174322,75,goal
1166,174322,78,goal
1172,174679,93,goal
1172,60322,111,goal
1172,174799,118,goal
1173,52327,13,goal
1173,59017,15,goal
1173,44605,28,goal
1173,44788,35,goal
1173,44788,76,goal
1173,44605,89,goal
1174,174474,6,goal
1174,44693,8,goal
1174,174862,16,goal
1174,174474,35,goal
1174,44605,70,goal
1174,174862,82,goal
1175,44605,40,goal
1175,44788,89,goal
1176,55350,1,goal
1176,51377,19,owngoal
1176,44693,37,goal
1176,44788,39,goal
1176,44605,65,goal
1176,44788,85,goal
1179,44100,2,goal
1179,47007,83,goal
1179,174862,94,goal
1185,54212,14,goal
1185,44733,18,goal
1185,44609,23,goal
1185,54212,40,goal
1185,54212,51,goal
1185,44609,54,goal
1185,56123,83,goal
1185,174559,87,goal
1186,55964,15,owngoal
1186,63846,21,goal
1186,63847,31,goal
1186,63847,55,goal
1186,45005,57,goal
1186,63844,67,goal
1186,51194,71,goal
1186,63843,1,yellow
1187,45005,30,goal
1187,63846,65,goal
1187,63850,71,goal
1187,45005,79,goal
1188,69792,3,goal
1188,49289,17,goal
1188,63850,32,goal
1188,49289,88,goal
1189,45005,17,goal
1189,45005,36,goal
1189,63847,39,goal
1189,45005,52,goal
1189,45005,58,goal
1189,45607,67,penalty
1189,63849,85,goal
1189,63847,88,goal
119,44555,50,goal
119,44708,85,goal
119,94436,5,yellow
1190,49608,47,goal
1190,44609,66,goal
1190,174559,79,goal
1191,45005,4,goal
1191,63844,69,goal
1192,174786,39,goal
1192,53572,51,goal
1193,46285,17,goal
1193,60291,30,goal
1194,56974,16,goal
1194,48048,32,goal
1194,59780,47,goal
1194,53336,48,penalty
1194,56449,54,goal
1194,48048,60,goal
1194,56883,82,goal
1199,60291,48,goal
120,44241,75,goal
120,44667,85,yellow
1202,49674,38,goal
1206,58582,15,goal
1206,54060,33,goal
1206,55844,80,goal
1206,60291,82,goal
1207,174559,29,goal
1207,46285,37,goal
1207,46285,39,goal
1207,44727,73,goal
1208,55936,17,goal
1208,51194,81,goal
1208,46285,83,goal
1208,60291,89,goal
1218,47284,12,goal
1218,55865,63,goal
1219,47284,7,goal
1219,51531,25,goal
1219,45607,34,goal
1219,51531,69,goal
1219,54647,78,goal
1222,46042,10,goal
1222,174351,44,goal
1222,69786,89,goal
1225,174410,20,goal
1225,47774,23,goal
1225,47774,51,goal
1225,59027,81,goal
1225,55669,89,penalty
1228,58582,17,goal
1228,55844,26,goal
1228,53163,35,goal
1228,53162,74,goal
1230,174771,59,goal
1230,59027,70,goal
1230,55466,84,owngoal
1231,55844,5,goal
1231,174559,39,goal
1231,58582,40,goal
1231,54212,77,goal
1231,54212,85,goal
1233,57659,31,goal
1233,174784,47,goal
1233,56458,51,goal
1233,44747,54,penalty
1233,59793,61,goal
1233,44747,64,penalty
1233,59793,89,goal
1236,56458,33,goal
1237,174370,16,goal
1237,51087,17,goal
1237,51087,19,goal
1237,59761,25,goal
1237,52394,26,goal
1237,59761,27,goal
1237,174813,32,goal
1237,52394,34,goal
1237,174370,39,goal
1237,59761,53,goal
1237,51087,60,goal
1237,56458,76,goal
1238,44666,3,goal
1238,56458,4,goal
1238,56458,21,goal
1238,56458,24,goal
1238,44666,65,goal
1239,44666,16,penalty
1239,50957,22,goal
1239,48082,59,owngoal
1239,174813,79,goal
1240,45671,5,goal
1240,46963,26,goal
1240,53136,36,goal
1240,46963,63,goal
1240,47955,67,penalty
1240,45671,71,goal
1240,53136,91,goal
1240,48545,94,owngoal
1243,55865,41,penalty
1243,49719,48,goal
1243,44119,58,goal
1243,174716,78,goal
1243,45671,81,goal
1248,174603,4,goal
1248,174669,7,goal
1248,44603,18,penalty
1248,174690,60,penalty
1248,63854,65,goal
1248,174669,88,goal
1248,43940,71,red
1248,44604,71,red
1248,63856,79,red
1249,63850,23,goal
1249,63855,30,goal
1249,63859,34,goal
1249,63859,43,goal
1249,63854,69,goal
1252,44777,48,goal
1252,63855,69,goal
1263,54702,43,goal
1263,70047,69,goal
1264,46791,5,goal
1264,53136,16,goal
1264,44727,39,goal
1264,44609,46,goal
1264,49427,67,goal
1264,45523,78,goal
127,174463,49,goal
1275,61704,19,goal
1275,61589,46,owngoal
1275,52703,54,goal
1275,46122,85,goal
1275,174677,88,penalty
1276,174770,15,goal
1277,174669,3,goal
1277,174886,17,goal
1277,174669,21,goal
1277,56221,25,goal
1277,174603,52,goal
1277,174603,54,goal
1277,174669,69,goal
1277,229609,75,goal
1277,44545,77,goal
1277,174669,78,goal
1277,50849,84,goal
1278,174886,6,goal
1278,174485,8,goal
1278,174784,10,goal
1278,44545,18,goal
1278,44545,84,goal
128,95459,32,goal
128,174544,75,goal
128,174762,87,goal
128,44672,18,yellow
1283,58524,2,goal
1283,57659,14,goal
1283,52280,52,goal
1283,59793,60,goal
1283,174784,84,goal
1284,59793,7,goal
1284,57659,12,goal
1284,49107,21,goal
1284,174784,30,goal
1284,174784,60,goal
1284,44747,62,goal
1284,174784,77,goal
1284,57659,79,goal
1284,52892,82,goal
1285,51007,9,owngoal
1285,44545,85,goal
129,44645,12,goal
129,94770,55,goal
129,44645,63,goal
129,174683,76,goal
129,44645,82,goal
129,94770,5,yellow
1294,174886,12,goal
1294,174690,18,goal
1294,174669,24,goal
1294,174669,36,goal
1294,174669,50,goal
1294,174485,59,goal
1294,55850,75,goal
1294,55850,83,goal
1294,174886,89,goal
1295,174485,12,goal
1295,174603,47,goal
1295,50957,75,goal
1295,50957,86,goal
1295,174669,109,goal
1295,174669,116,goal
1300,174370,18,goal
1300,174417,44,goal
1300,51087,78,goal
1301,51087,14,goal
1301,174370,48,goal
1301,55058,67,goal
1301,51087,85,goal
1301,49289,90,goal
1304,58524,10,goal
1304,52892,18,goal
1304,58524,30,goal
1304,47074,37,goal
1304,47074,64,goal
1304,47074,70,goal
1304,49105,76,goal
1313,46791,17,goal
1313,54212,30,goal
1313,46791,47,goal
1313,43802,54,goal
1313,46791,57,goal
1313,54212,83,goal
1313,43802,85,goal
1315,54212,71,goal
1315,44609,84,goal
1323,47957,2,goal
1323,44545,32,goal
1323,57776,40,goal
1323,44545,79,goal
1324,53996,3,goal
1324,47957,38,penalty
1324,54112,55,goal
1324,45952,59,goal
1325,48813,8,goal
1325,60355,17,goal
1325,60355,40,goal
1325,47957,65,penalty
1325,49393,69,goal
1325,51038,82,goal
1325,51038,89,goal
1326,174341,38,goal
1326,44604,49,goal
1326,174341,89,goal
1327,52347,16,goal
1327,50717,56,goal
1327,52394,70,goal
1327,52071,73,goal
1332,174630,15,goal
1332,182129,63,goal
1340,63866,2,goal
1340,29875,9,goal
1340,63855,39,goal
1340,63869,52,goal
1340,63869,64,goal
1340,63869,75,goal
1340,174861,83,goal
1343,174705,4,goal
1343,63866,9,goal
1343,63866,32,goal
1343,63869,55,goal
1343,61571,68,goal
1343,58070,80,goal
1343,63869,90,goal
1344,63866,3,goal
1344,63866,77,goal
1345,63869,66,goal
1372,58064,13,goal
1372,51336,55,goal
1372,52071,66,goal
1372,49427,85,penalty
1373,174630,68,goal
1382,29875,16,goal
1382,47780,18,goal
1382,174677,27,penalty
1382,29875,36,goal
1382,48710,50,goal
1382,44545,52,goal
1382,29875,78,goal
1382,57659,84,goal
1382,29875,89,goal
1385,44760,44,goal
1385,29875,55,goal
1385,29875,63,goal
1385,174861,68,goal
1386,45517,20,goal
1386,29875,24,goal
1386,29875,30,goal
1386,45517,44,penalty
1386,57103,50,goal
1386,174861,52,goal
1386,44760,61,goal
1386,29875,67,goal
1386,174677,70,goal
1386,61704,83,goal
1387,174677,22,goal
1387,29875,44,goal
1387,46087,66,goal
1388,29875,4,goal
1388,56175,16,goal
1388,59577,63,goal
1388,29875,85,goal
1388,59577,88,goal
1389,53996,19,goal
1389,44545,20,goal
1389,53996,60,goal
1389,57776,79,goal
1390,57659,24,goal
1390,44644,32,owngoal
1390,174576,81,goal
1390,174591,88,goal
1390,51718,59,red
1391,48813,24,penalty
1391,60355,43,goal
1391,57659,59,goal
1391,44545,70,goal
1392,44545,12,goal
1403,44689,19,goal
1403,44689,46,goal
1403,57518,54,goal
1403,46433,69,goal
1406,174591,34,goal
1406,174591,55,goal
1406,44689,77,goal
1407,43940,5,goal
1407,43991,27,goal
1408,44689,33,goal
1408,174336,55,goal
1408,54016,76,goal
1408,44643,79,red
1415,58070,17,goal
1415,174705,57,penalty
1415,58070,64,goal
1418,174336,32,goal
1418,46396,89,goal
1421,48131,20,goal
1422,60355,19,goal
1422,53996,44,goal
1422,53996,99,goal
1422,47015,102,red
1423,45056,4,goal
1423,54653,24,goal
1423,61675,45,goal
1423,55962,73,goal
1423,47886,76,goal
1426,55467,12,owngoal
1426,55962,20,goal
1426,59577,29,goal
1426,45056,49,goal
1426,56618,73,goal
1426,57103,80,goal
1434,56175,6,goal
1434,69955,49,goal
1437,174591,49,goal
1437,58070,88,goal
1447,49203,4,goal
1447,54981,1,yellow
1450,49497,17,penalty
1450,43993,42,goal
1450,174575,67,goal
1450,57526,81,goal
1458,63868,9,goal
1458,63868,32,goal
1458,59050,42,goal
1458,63866,47,goal
1458,44596,61,penalty
1458,63866,78,goal
1458,52719,80,red
1458,63868,83,red
1459,63868,31,goal
1459,174607,38,goal
1459,63866,53,goal
1459,63868,59,goal
1460,56999,35,goal
1460,63873,72,goal
1460,63873,86,goal
1461,61571,56,goal
1461,63869,73,goal
1463,174738,15,goal
1463,63873,17,goal
1463,63867,69,goal
1463,63866,78,goal
1470,174330,1,goal
1470,174330,6,goal
1470,44689,8,goal
1470,58243,12,goal
1470,174330,53,goal
1470,58211,64,goal
1470,44689,70,goal
1471,58681,21,penalty
1471,57776,82,goal
1472,56653,73,goal
1472,59050,87,goal
1472,49385,8,red
1472,48257,41,red
1473,60065,6,goal
1473,44596,44,goal
1473,56653,51,goal
1473,44596,55,goal
1474,44596,11,goal
1474,47679,26,goal
1474,44579,29,goal
1475,44579,90,goal
1478,182129,8,goal
1478,47679,10,goal
1478,182129,11,goal
1478,44945,21,goal
1478,56380,56,goal
1478,47883,68,goal
1478,56559,72,goal
1478,52277,76,goal
1479,60405,19,penalty
1479,48099,56,goal
1479,57608,75,goal
1480,174551,20,goal
1480,51536,25,goal
1480,174551,61,goal
1480,54059,82,goal
1480,51536,87,goal
1490,44689,17,goal
1490,49497,60,penalty
1490,174330,71,goal
1497,174844,90,goal
1498,58444,80,goal
150,44764,58,goal
150,174321,36,yellow
151,174661,58,goal
151,174321,83,penalty
151,44550,55,yellow
1510,47000,45,goal
1510,57776,59,goal
1510,57710,73,goal
1511,56563,85,goal
152,174785,51,yellow
1525,57678,13,goal
1532,174781,2,goal
1532,174436,65,goal
1532,174436,67,goal
1544,53770,1,goal
1544,48526,12,goal
1544,48365,29,goal
1544,50818,90,penalty
1559,51753,48,goal
1559,51536,69,goal
1559,57678,80,goal
1559,57678,84,penalty
1562,53537,38,goal
1562,57608,54,goal
1562,182129,89,goal
1563,182129,51,goal
1563,56380,83,goal
1564,47146,19,goal
1564,58132,25,penalty
1564,174551,29,goal
1564,51536,49,goal
1564,47146,71,red
1564,56392,71,red
1577,174623,78,goal
1577,58223,1,yellow
1577,56725,35,red
1578,45828,65,goal
1578,63875,71,goal
1578,45828,79,goal
1579,25113,1,yellow
1579,45358,65,red
1582,45828,53,goal
1582,55600,81,goal
159,174427,60,goal
159,174708,80,goal
159,174838,65,yellow
1596,63869,15,goal
1596,63868,63,goal
1596,60309,1,yellow
1597,174388,2,goal
1597,63881,14,goal
1597,49270,64,goal
1597,61644,73,penalty
1598,58057,15,goal
1598,39547,27,goal
1598,63885,73,goal
1598,39547,85,goal
1599,174357,15,goal
1599,48261,43,owngoal
1599,61644,45,goal
1599,174388,54,goal
1602,59743,17,owngoal
1602,39547,38,goal
1602,61699,81,goal
1602,48445,1,yellow
1608,174745,8,goal
1608,174377,88,goal
1609,53632,26,penalty
1609,55826,88,goal
1609,53632,1,yellow
161,174708,9,goal
161,44634,73,goal
161,174757,75,yellow
1610,56397,28,goal
1610,53632,32,goal
1610,56397,85,goal
162,174363,71,goal
162,174867,81,goal
162,44611,86,penalty
1632,174622,38,goal
1632,174622,75,goal
1632,44665,1,yellow
1633,174590,12,goal
1633,174623,18,goal
1633,174852,78,goal
1633,44749,89,goal
1633,174623,101,goal
1633,174623,120,goal
1633,174852,1,yellow
1634,43993,37,goal
1634,174622,75,goal
1635,43993,30,goal
1635,43993,80,goal
1635,39547,82,penalty
1637,49660,22,goal
1637,174521,38,goal
1637,57776,84,goal
1637,174828,1,yellow
1641,56509,28,goal
1641,198018,57,goal
1641,174346,75,goal
1650,174134,48,goal
1650,50708,62,goal
1653,48288,15,penalty
1653,44576,26,goal
1653,47998,31,goal
1656,50746,15,goal
1656,174590,20,goal
1656,25113,39,goal
1656,25113,52,goal
1656,174590,77,penalty
1659,174590,43,goal
1659,25113,67,goal
1659,56397,88,goal
1659,25113,1,yellow
1659,47679,44,red
1660,174590,11,goal
1660,25113,70,goal
1660,57776,75,goal
1660,174590,83,goal
1660,58031,1,yellow
1660,70075,49,red
1660,58031,54,red
1675,174360,2,goal
1675,174388,60,goal
1675,174360,67,goal
1675,61699,90,goal
1676,47679,5,goal
1676,56397,46,goal
1676,174388,57,goal
1679,174832,42,goal
1682,47679,57,goal
1682,57276,1,yellow
1702,55826,1,goal
1702,52997,22,goal
1702,60119,25,goal
1702,39547,27,goal
1702,39547,43,penalty
1702,39547,56,goal
1702,39547,59,penalty
1702,174360,80,goal
1702,95842,1,yellow
1709,39547,12,penalty
1709,61638,43,goal
1709,61699,89,goal
1710,61638,31,goal
1710,174371,33,goal
1710,61638,88,goal
1710,52134,1,yellow
1747,59429,12,goal
1747,59429,54,goal
1747,52706,79,penalty
175,166466,23,goal
175,174625,43,goal
175,166466,61,goal
175,166466,81,goal
175,174470,28,yellow
1752,174845,14,penalty
1752,174845,1,yellow
1753,47121,14,goal
1753,45842,57,goal
1753,47121,63,goal
1753,69799,76,goal
1753,52706,86,goal
1764,63879,59,goal
1764,52864,1,yellow
1765,63869,18,goal
1765,174416,37,goal
1765,63880,66,goal
1765,63879,71,goal
1765,63891,86,goal
1765,174438,1,yellow
1768,63896,11,goal
1768,63881,15,goal
1768,174552,28,goal
1768,63881,52,goal
1768,174483,70,goal
1768,63879,75,goal
1769,63869,19,goal
1769,63879,22,goal
1769,174511,34,goal
1769,63869,67,goal
1769,48413,84,goal
1769,54327,1,yellow
1770,56196,11,goal
1770,63896,24,goal
1770,63869,59,goal
1770,63879,61,goal
1770,63879,83,goal
1770,63881,1,yellow
1771,48099,19,goal
1771,47842,44,goal
1771,63879,76,goal
1771,63896,89,goal
1771,49530,1,yellow
1774,55162,12,goal
1774,53015,20,goal
1774,174790,27,goal
1774,174790,52,penalty
1774,57776,70,goal
1774,174790,88,goal
1774,26237,89,goal
1779,51542,40,goal
1779,69831,61,goal
1780,48445,13,goal
1780,174414,49,goal
1780,174552,50,goal
1780,47758,55,goal
1780,174483,73,goal
180,174846,10,yellow
181,44667,78,goal
181,44594,84,goal
181,44667,93,goal
181,174652,7,yellow
1811,54712,31,goal
1811,174852,49,goal
1811,25113,68,goal
1811,57776,82,goal
1811,174790,108,goal
1811,174790,1,yellow
1812,174623,65,goal
1813,47813,50,penalty
1813,174503,1,yellow
1820,59342,45,goal
1820,59342,46,goal
1820,49563,58,goal
1820,46274,83,goal
1820,53393,1,yellow
1823,47121,51,goal
1823,47121,74,goal
1823,69799,1,yellow
1838,174416,8,goal
1838,44612,90,goal
1838,174790,94,goal
1838,174438,98,goal
1838,44569,104,goal
1838,174790,110,goal
1838,44571,111,goal
1838,174790,1,yellow
1839,51467,21,goal
1839,57776,56,goal
1839,174790,80,goal
1840,174790,19,goal
1840,174790,26,goal
1840,174790,39,goal
1840,174483,44,goal
1843,174828,26,goal
1843,53197,1,yellow
1877,56450,62,yellow
1880,59219,53,goal
1880,58341,56,goal
1880,46202,38,yellow
1881,53557,23,goal
1881,54679,50,goal
1882,50119,13,goal
1882,50395,25,owngoal
1882,44569,63,goal
1882,44571,70,goal
1882,44569,76,goal
1882,44571,1,yellow
1883,174505,10,goal
1883,48065,1,yellow
1884,47998,1,yellow
1893,174483,65,goal
1893,47480,67,goal
1893,174483,75,goal
1902,55230,1,yellow
1919,56196,5,goal
1919,55013,52,goal
1919,174511,75,penalty
1919,55321,1,yellow
1922,50192,90,goal
1925,174527,117,goal
1925,47121,1,yellow
1945,63896,32,goal
1945,46956,35,goal
1945,63879,49,goal
1945,174617,72,yellow
1946,44670,14,goal
1946,174617,20,goal
1946,44652,23,yellow
1947,60138,15,goal
1947,174617,18,goal
1947,174362,55,goal
1947,57537,63,goal
1947,60138,68,goal
1947,174949,26,yellow
1948,1043,10,goal
1948,174681,25,goal
1948,44560,73,goal
1948,1043,90,goal
1948,174796,22,yellow
1949,174617,19,goal
1949,174851,35,owngoal
1949,174389,48,yellow
1952,174694,7,goal
1952,44679,8,goal
1952,50792,60,goal
1952,174694,62,goal
1952,174949,66,goal
1952,174851,1,yellow
1953,56868,37,yellow
1953,56868,83,red
1954,174828,12,goal
1954,48110,34,goal
1954,174790,53,goal
1954,53360,1,yellow
1955,48123,58,owngoal
1955,44670,72,goal
1955,59841,1,yellow
196,174666,51,goal
196,174427,85,goal
196,174671,89,penalty
196,44566,20,yellow
196,44739,22,red
196,44566,22,red
197,174742,25,penalty
197,174783,11,yellow
197,174783,70,red
198,44739,35,goal
198,174666,37,goal
198,94471,46,goal
198,174742,47,goal
198,174385,58,goal
198,44739,75,goal
198,174774,26,yellow
1982,63896,60,goal
1982,50516,11,yellow
1983,174796,50,goal
1983,1043,65,goal
1983,44678,1,yellow
1983,63904,84,red
1984,174694,76,goal
1984,174651,71,yellow
1985,181330,1,yellow
1986,55418,17,yellow
1987,63879,12,goal
1987,63896,66,goal
1987,63905,79,goal
1987,63907,77,yellow
1990,174796,5,penalty
1990,174796,45,penalty
1990,44560,71,goal
1990,174681,78,owngoal
1990,69596,88,goal
1990,174635,5,yellow
1996,174414,75,goal
1996,56020,87,goal
1996,59500,9,yellow
2003,174428,18,goal
2003,49778,1,yellow
2003,47407,67,red
2004,50945,55,goal
2004,174914,69,goal
2004,59542,56,yellow
201,174742,28,goal
201,174666,39,goal
201,44241,55,goal
201,174742,64,goal
201,44739,70,goal
201,174427,6,yellow
2062,44652,77,goal
2062,44652,27,yellow
2063,174796,2,penalty
2063,174428,25,penalty
2063,174790,43,goal
2063,37656,3,yellow
2064,174790,76,goal
2065,174515,24,goal
2065,174828,51,goal
2065,174415,52,goal
2065,57506,53,goal
2065,174573,76,goal
2065,174612,89,penalty
2065,50192,1,yellow
2066,174428,39,goal
2066,174790,82,goal
2066,174828,16,yellow
2067,174796,7,goal
2067,44559,59,goal
2083,57537,46,goal
2083,44571,52,goal
2083,174389,66,goal
2083,174347,79,goal
2083,46330,1,yellow
2085,174694,17,goal
2085,44043,18,goal
2085,44679,30,goal
2085,174569,31,goal
2085,44679,34,goal
2085,44679,50,goal
2085,174694,87,goal
2085,46330,1,yellow
2097,44560,16,yellow
2098,44560,7,goal
2098,44560,86,goal
2098,53588,25,yellow
2098,54450,69,red
2129,44679,38,goal
2129,44043,44,goal
2129,174455,85,goal
2129,174651,25,yellow
2167,174694,43,goal
2167,174569,1,yellow
2170,44043,24,penalty
2170,51873,43,goal
2170,174694,62,goal
2175,51873,81,goal
2175,174645,88,goal
2175,55418,24,yellow
2176,53200,26,goal
2176,174645,34,goal
2176,50977,1,yellow
2181,174515,46,goal
2181,57506,74,goal
2181,174515,77,goal
2181,51482,1,yellow
2182,58597,27,goal
2182,174515,29,goal
2182,59079,85,goal
2182,51943,1,yellow
2186,46091,8,goal
2186,174514,14,goal
2186,58597,18,goal
2186,51943,22,goal
2186,46091,30,goal
2186,46718,35,owngoal
2186,55418,61,goal
2186,56194,65,goal
2186,46091,81,goal
2186,50437,1,yellow
2186,54998,23,red
2196,44736,1,yellow
2197,174840,45,penalty
2197,28528,60,goal
2197,174722,73,goal
2197,58116,1,yellow
2198,174658,38,goal
2198,54939,82,goal
2198,174658,105,goal
2198,174395,115,goal
2198,174681,15,yellow
2199,48090,10,goal
2199,174722,15,goal
2199,174395,83,goal
2199,174810,21,yellow
2199,44697,88,red
2199,174810,89,red
2200,174398,67,goal
2200,174389,60,yellow
2201,174658,21,goal
2201,44683,43,goal
2201,174658,48,goal
2201,174722,50,goal
2201,174617,67,goal
2201,174722,72,goal
2201,56510,1,yellow
2202,174658,16,goal
2202,174658,71,goal
2202,53365,75,yellow
2215,63914,40,goal
2216,44607,9,goal
2216,57211,21,goal
2216,52483,76,goal
2217,44587,19,goal
2217,37656,59,owngoal
2217,52483,66,goal
2217,174610,68,goal
2217,52483,87,goal
2217,44922,1,yellow
2220,174426,6,goal
2220,44559,35,penalty
2220,44560,36,goal
2220,44560,53,goal
2220,55413,79,goal
2220,59385,82,goal
2221,44582,14,goal
2224,52483,42,penalty
2246,52839,1,yellow
2247,174462,38,goal
2247,63908,64,goal
2247,63751,72,goal
2247,63908,35,yellow
2251,63751,15,goal
2251,63751,28,goal
2251,63650,73,penalty
2251,59530,75,yellow
2252,63908,12,goal
2252,174694,45,goal
2252,63914,57,goal
2252,63914,63,goal
2252,63916,50,yellow
2253,58120,37,goal
2253,63748,45,goal
2253,63648,1,yellow
228,174582,11,goal
228,44540,71,goal
228,44566,43,yellow
2337,45845,75,goal
2337,46785,37,yellow
2344,53164,22,goal
2344,46475,37,goal
2344,60386,41,goal
2344,44577,42,goal
2347,174688,1,goal
2347,44582,29,goal
2347,44773,54,goal
2347,61646,1,yellow
2348,44922,3,goal
2348,174586,27,goal
2348,54656,70,goal
2348,44714,84,goal
2348,37989,1,yellow
2348,54939,88,red
2350,54656,15,goal
2350,174791,30,goal
2350,44587,38,goal
2350,49470,44,goal
2350,44587,73,goal
2350,49470,89,goal
2350,174415,1,yellow
2352,174791,1,yellow
2388,44559,40,penalty
2388,44559,62,goal
2388,44559,79,penalty
2388,49130,1,yellow
2391,174426,18,owngoal
2391,174426,50,goal
2391,174586,75,goal
2391,44560,35,yellow
2394,54722,1,yellow
2395,44559,34,penalty
2395,174486,44,goal
2395,49863,47,penalty
2395,49863,68,goal
2395,44560,71,goal
2395,49863,1,yellow
2396,44582,34,goal
2396,174398,36,goal
2396,174389,60,goal
2396,59086,81,penalty
2396,60386,26,yellow
2405,59530,2,goal
2405,174483,36,penalty
2405,174483,39,penalty
2405,57171,41,goal
2405,174483,79,goal
2405,54995,60,yellow
2408,49130,43,owngoal
2408,48213,60,goal
2408,49130,1,yellow
243,44611,38,goal
243,174489,35,yellow
2431,160825,43,goal
2431,56684,52,goal
2431,44043,56,goal
2431,160825,84,goal
2433,59492,45,penalty
2433,51726,55,goal
2433,49925,79,goal
2433,48489,87,goal
2450,44679,65,goal
2450,53602,1,yellow
2451,174645,14,goal
2451,48106,43,goal
2451,174483,71,goal
2451,174483,77,goal
2451,59530,19,yellow
2454,174694,43,goal
248,174333,21,yellow
25,174454,81,goal
25,174779,27,yellow
25,63516,85,red
26,174820,67,goal
26,174740,9,yellow
26,174649,61,red
26,174740,88,red
263,44611,9,goal
263,174363,78,goal
263,95311,26,yellow
264,44611,65,goal
264,44629,83,goal
264,44593,15,yellow
265,174560,11,goal
265,174373,62,yellow
27,174427,85,penalty
27,174498,5,yellow
27,174779,65,red
27,174498,87,red
28,44611,17,goal
28,174454,67,goal
28,174560,22,yellow
28,174564,103,red
29,174779,62,goal
29,174366,68,goal
29,174687,4,yellow
290,44115,90,goal
290,174697,22,yellow
290,44770,70,red
30,44704,27,owngoal
30,174440,79,goal
30,44783,51,yellow
30,174396,48,red
300061449,225204,70,goal
300061449,297811,20,goal
300061449,230776,37,goal
300061449,254144,25,red
300061449,297102,71,yellow
300061450,270775,43,goal
300061450,228599,77,yellow
300061450,227849,86,yellow
300061450,276132,68,yellow
300061451,228599,64,goal
300061451,162580,79,penalty
300061451,254145,45,yellow
300061451,217974,78,yellow
300061451,241632,4,yellow
300061451,228592,48,yellow
300061451,238112,49,yellow
300061451,209960,82,yellow
300061452,189259,24,goal
300061452,189259,80,goal
300061452,229502,90,goal
300061452,229502,5,goal
300061452,189676,6,yellow
300061452,269986,42,yellow
300061452,294665,76,red
300061453,286484,59,yellow
300061453,305378,65,yellow
300061453,305378,81,yellowred
300061453,239433,90,yellow
300061453,212246,12,yellow
300061453,248373,19,yellow
300061453,254145,68,yellow
300061454,249477,55,goal
300061454,178119,79,goal
300061454,269986,27,yellow
300061454,249474,70,yellow
300061454,228592,18,yellow
300061454,70097,57,yellow
300061455,233703,77,goal
300061455,180583,89,goal
300061455,214887,30,yellow
300061455,313704,76,yellow
300061457,215513,44,goal
300061457,228336,71,goal
300061457,178738,16,goal
300061457,299090,15,yellow
300061457,228351,59,yellow
300061457,297112,88,yellow
300061457,233751,33,red
300061457,200301,89,yellow
300061458,207761,17,owngoal
300061458,271550,33,goal
300061458,271550,76,goal
300061458,271550,80,goal
300061458,268414,45,goal
300061458,268414,1,goal
300061458,198149,54,yellow
300061458,182372,55,yellow
300061458,201964,74,yellow
300061458,263395,10,yellow
300061458,268414,34,yellow
300061459,296013,7,goal
300061459,177788,52,goal
300061459,228336,56,yellow
300061460,201964,6,goal
300061460,198149,41,yellow
300061460,269089,77,yellow
300061461,175507,90,goal
300061461,175507,1,goal
300061461,238072,62,yellow
300061461,175498,90,yellow
300061461,183882,12,yellow
300061461,212808,76,yellow
300061461,321682,83,yellow
300061461,212808,90,yellowred
300061462,186453,23,goal
300061462,299693,40,yellow
300061462,299703,79,yellow
300061462,217482,81,yellow
300061462,197464,48,yellow
300061463,299703,13,goal
300061463,299706,42,goal
300061463,175507,48,goal
300061463,233531,82,goal
300061463,187530,35,yellow
300061463,299695,69,yellow
300061463,299697,72,yellow
300061463,299693,75,yellow
300061463,296249,40,yellow
300061464,182787,58,yellow
300061464,321682,85,yellow
300061465,187539,79,goal
300061465,305702,59,yellow
300061465,305702,73,yellowred
300061465,183882,90,yellow
300061465,187541,35,yellow
300061465,187538,90,yellow
300061466,214961,4,goal
300061466,207851,40,goal
300061466,207924,26,yellow
300061466,182787,60,yellow
300061466,214961,61,yellow
300061466,182797,39,yellow
300061466,271213,47,yellow
300061466,296249,74,yellow
300061467,213001,69,goal
300061467,182606,73,goal
300061467,217019,84,goal
300061467,210003,49,yellow
300061467,181474,50,yellow
300061467,178306,67,yellow
300061467,243852,18,yellow
300061467,214994,59,yellow
300061468,305036,60,goal
300061468,294620,40,yellow
300061468,321722,43,yellow
300061469,208353,25,penalty
300061469,182606,11,goal
300061469,318419,40,yellow
300061469,306634,79,yellow
300061469,294617,84,yellow
300061469,159069,24,red
300061469,154061,85,yellow
300061470,298885,38,goal
300061470,182206,12,yellow
300061470,196900,22,yellow
300061470,196748,32,yellow
300061470,182206,37,yellowred
300061470,196752,73,yellow
300061470,214388,18,yellow
300061470,291438,19,yellow
300061470,234404,57,yellow
300061470,298699,59,yellow
300061471,208353,85,penalty
300061471,216929,19,yellow
300061471,243852,54,yellow
300061471,243852,74,yellowred
300061471,207645,83,yellow
300061471,279145,26,yellow
300061471,249462,89,yellow
300061473,170667,65,penalty
300061473,217315,36,goal
300061473,184615,83,goal
300061473,290931,25,yellow
300061473,200935,81,yellow
300061473,217313,17,yellow
300061473,180811,65,yellow
300061473,155679,70,yellow
300061474,154949,81,goal
300061474,233500,17,goal
300061474,177768,30,goal
300061474,286278,87,goal
300061474,214948,29,yellow
300061474,186373,48,yellow
300061474,254120,66,yellow
300061474,177768,12,yellow
300061474,291372,26,yellow
300061475,170667,10,goal
300061475,254120,33,goal
300061475,179027,61,goal
300061475,296813,49,yellow
300061475,200935,75,yellow
300061475,177825,86,yellow
300061475,309962,87,yellow
300061477,233500,39,goal
300061477,188456,90,yellow
300061477,290931,72,yellow
300061478,227846,46,owngoal
300061478,217313,85,goal
300061478,216964,44,yellow
300061478,217315,49,yellow
300061478,309962,63,yellow
300061479,283757,10,yellow
300061479,4039,41,yellow
300061479,198160,56,yellow
300061480,184410,25,goal
300061480,184410,73,goal
300061480,207956,89,goal
300061480,196699,81,goal
300061480,297409,90,goal
300061480,297409,2,goal
300061480,178464,16,yellow
300061480,184410,40,yellow
300061480,299804,50,yellow
300061480,299802,82,yellow
300061480,155957,31,yellow
300061480,215274,67,yellow
300061480,254181,76,yellow
300061480,297409,83,yellow
300061481,276117,27,goal
300061481,253460,86,goal
300061481,215718,42,yellow
300061481,215725,47,yellow
300061481,313909,84,yellow
300061481,276117,45,yellow
300061482,234927,29,penalty
300061482,198161,7,goal
300061482,313808,14,yellow
300061482,274102,28,yellow
300061482,198160,87,yellow
300061483,318470,90,goal
300061483,318470,3,goal
300061483,184410,50,goal
300061483,175397,42,yellow
300061483,318470,90,yellow
300061483,178464,55,yellow
300061484,209119,63,goal
300061484,313535,39,goal
300061484,214022,70,yellow
300061484,283757,62,yellow
300061486,198106,14,goal
300061486,198111,20,goal
300061486,216970,82,goal
300061487,210214,29,goal
300061487,179159,53,goal
300061487,214410,56,goal
300061487,187199,60,goal
300061487,187199,89,goal
300061487,313541,81,goal
300061487,201200,87,goal
300061487,187198,38,yellow
300061487,214410,70,yellow
300061487,210023,32,yellow
300061487,210032,47,yellow
300061488,200158,25,goal
300061488,200158,50,goal
300061488,202076,62,goal
300061488,212306,79,owngoal
300061488,184312,85,yellow
300061488,184312,88,yellowred
300061488,3355,31,yellow
300061488,178964,75,yellow
300061488,291329,86,yellow
300061489,176971,7,yellow
300061489,213910,21,yellow
300061489,201200,21,yellow
300061490,181406,55,goal
300061490,202076,72,goal
300061490,210106,89,goal
300061490,298959,88,yellow
300061491,181603,47,goal
300061491,229884,24,goal
300061491,183857,37,goal
300061491,267527,15,yellow
300061491,202649,19,yellow
300061491,281256,21,yellow
300061491,281256,37,yellowred
300061492,216650,34,yellow
300061492,207995,4,yellow
300061492,177987,58,yellow
300061492,297230,64,yellow
300061492,209827,89,yellow
300061493,201785,75,goal
300061493,209501,2,yellow
300061493,229436,22,yellow
300061493,202649,25,yellow
300061493,229435,60,yellow
300061493,267527,61,yellow
300061493,202655,90,yellow
300061493,179033,18,yellow
300061493,216627,31,red
300061493,209979,48,yellow
300061493,261029,60,yellow
300061494,229884,17,goal
300061494,229884,51,goal
300061494,177986,8,yellow
300061494,230117,38,yellow
300061495,209502,34,goal
300061495,209827,33,yellow
300061495,229436,4,yellow
300061495,229435,19,yellow
300061497,253460,118,yellow
300061497,198751,58,yellow
300061497,291372,72,yellow
300061497,233500,90,yellow
300061497,177768,113,yellow
300061498,229884,63,goal
300061498,207528,74,yellow
300061498,187199,80,yellow
300061498,210212,89,red
300061500,185324,35,goal
300061500,200158,38,goal
300061500,194815,59,goal
300061500,184312,30,yellow
300061500,298959,72,yellow
300061500,267543,47,yellow
300061500,181598,68,yellow
300061500,181603,80,yellow
300061501,182206,20,goal
300061501,196789,32,goal
300061501,321722,67,goal
300061501,321722,70,goal
300061501,195763,120,goal
300061501,191178,47,yellow
300061501,197464,81,yellow
300061502,182373,26,goal
300061502,182373,52,goal
300061502,271550,33,goal
300061502,228599,71,goal
300061502,178119,28,yellow
300061503,175507,62,penalty
300061503,196897,5,goal
300061503,208353,93,goal
300061503,197408,7,yellow
300061503,182797,18,yellow
300061503,187160,68,yellow
300061503,306634,61,yellow
300061503,294620,90,yellow
300061504,270775,8,goal
300061504,270775,80,goal
300061504,268414,68,goal
300061504,209904,38,yellow
300061504,188387,69,yellow
300061504,237771,83,yellow
300061505,321722,3,goal
300061505,182206,68,goal
300061505,182206,89,goal
300061505,191178,74,goal
300061505,310116,11,yellow
300061505,182372,80,yellow
300061505,321722,35,yellow
300061506,229884,83,goal
300061506,283757,59,yellow
300061506,313535,59,yellow
300061506,185429,71,yellow
300061506,276118,88,yellow
300061506,216973,57,yellow
300061506,303034,63,yellow
300061507,215002,53,goal
300061507,215002,68,goal
300061507,194815,10,goal
300061507,184607,14,yellow
300061507,291410,47,yellow
300061507,216964,64,yellow
300061507,155673,76,yellow
300061507,318171,37,yellow
300061507,194818,73,red
300061508,189259,55,goal
300061508,183000,45,goal
300061508,183000,2,goal
300061508,276132,20,yellow
300061508,286238,48,yellow
300061508,185359,59,yellow
300061508,270775,120,red
300061508,184557,54,yellow
300061508,181711,77,yellow
300061508,184560,93,yellow
300061509,183857,116,goal
300061509,217315,15,yellow
300061509,179568,22,yellow
300061509,216964,28,yellow
300061509,155679,54,yellow
300061509,184607,57,yellow
300061509,184616,84,yellow
300061509,184607,109,yellowred
300061509,291410,111,yellow
300061509,228281,117,yellow
300061509,177914,16,yellow
300061509,216814,23,yellow
300061509,177907,67,yellow
300061509,183857,118,yellow
300061509,177855,120,yellow
300061510,267834,28,goal
300061510,189259,51,goal
300061510,321722,19,goal
300061510,196791,56,goal
300061510,196900,82,goal
300061510,185359,61,yellow
300061510,196889,5,yellow
300061510,312546,7,yellow
300061510,191178,90,yellow
300061512,189259,41,goal
300061512,286481,90,goal
300061512,286481,2,goal
300061512,155679,18,goal
300061512,215002,70,goal
300061512,184616,73,goal
300061512,286481,21,yellow
300061512,267829,29,yellow
300061512,215002,29,yellow
300061512,218246,78,yellow
300061512,179568,90,yellow
300111111,187174,25,yellow
300111111,187199,31,yellow
300111111,275931,40,yellow
300111111,269784,45,yellow
300111111,200158,15,yellow
300111111,185324,25,yellow
300111111,194818,43,yellow
300111112,216650,52,goal
300111112,214474,30,yellow
300111112,216642,73,yellow
300111112,196633,90,yellow
300111112,178791,90,yellow
300111113,184616,18,goal
300111113,215002,84,goal
300111113,184410,90,goal
300111113,184410,4,goal
300111113,184616,31,yellow
300111113,184599,90,yellow
300111113,319373,40,yellow
300111113,207956,72,yellow
300111113,197793,84,yellow
300111114,177914,73,goal
300111115,178738,12,goal
300111115,3989,69,penalty
300111115,296013,38,goal
300111115,207761,49,goal
300111115,189300,31,yellow
300111115,200301,37,yellow
300111115,238748,42,yellow
300111115,188386,68,yellow
300111116,196789,8,goal
300111116,182206,26,goal
300111116,321722,68,goal
300111116,312546,70,goal
300111116,305036,12,yellow
300111116,312546,90,yellow
300111116,154061,24,yellow
300111116,178312,46,yellow
300111116,213001,56,red
300111116,182617,58,yellow
300111117,215002,53,goal
300111117,291410,36,yellow
3049,174666,61,goal
3049,174673,6,yellow
3049,49157,82,red
3050,44594,51,goal
3050,50025,55,goal
3050,2188,85,goal
3050,77942,90,goal
3050,77892,24,yellow
3050,77908,25,red
3051,46931,39,goal
3051,44766,44,goal
3051,50834,26,yellow
3052,174616,11,goal
3052,76893,30,yellow
3053,44543,15,goal
3053,2354,34,goal
3053,76774,43,goal
3053,44543,89,goal
3053,122746,36,yellow
3054,174490,11,goal
3054,179908,23,yellow
3055,56798,84,goal
3055,129895,16,yellow
3056,44320,8,goal
3056,76750,31,goal
3056,174820,47,goal
3056,48179,75,goal
3056,174723,5,yellow
3057,63547,26,goal
3057,76828,52,penalty
3057,95645,61,yellow
3058,92775,18,goal
3058,77409,50,goal
3058,77435,86,goal
3058,162427,28,yellow
3059,75952,2,goal
3059,75952,44,goal
3059,174732,60,goal
3059,75952,90,penalty
3059,59170,25,yellow
3060,50025,14,goal
3060,174666,48,goal
3060,44594,15,yellow
3061,60145,21,goal
3061,77319,43,goal
3061,93859,55,goal
3061,52856,54,yellow
3062,58605,16,goal
3062,2354,35,goal
3062,157814,52,goal
3062,52293,65,goal
3062,52293,72,goal
3062,77460,32,yellow
3062,77484,73,red
3063,174526,35,owngoal
3063,77535,52,goal
3063,76774,90,goal
3063,111336,24,yellow
3064,77240,69,goal
3064,46646,32,yellow
3064,77257,21,red
3065,76145,22,yellow
3065,162472,82,red
3066,77278,42,goal
3066,77278,65,goal
3066,174333,84,goal
3066,76883,26,yellow
3067,63547,39,goal
3067,92624,66,goal
3067,96461,73,goal
3067,44685,8,yellow
3067,170657,63,red
3068,95648,4,penalty
3068,174431,37,penalty
3068,48179,59,goal
3068,48179,81,goal
3068,174571,1,yellow
3068,174571,49,red
3069,174331,65,goal
3069,44763,19,yellow
3070,77503,7,penalty
3070,47461,26,goal
3070,92775,45,goal
3070,93595,34,yellow
3071,57981,8,goal
3071,174454,21,goal
3071,174454,28,goal
3071,156906,20,yellow
3072,58455,5,penalty
3072,58455,55,penalty
3072,52856,65,goal
3072,81634,90,goal
3072,122397,6,yellow
3073,56197,18,goal
3073,174593,41,yellow
3074,76751,44,goal
3074,76756,90,goal
3074,52293,39,yellow
3075,77901,19,penalty
3075,160368,66,goal
3075,57487,67,goal
3075,160368,70,goal
3075,77894,46,yellow
3076,174666,12,goal
3076,44565,20,goal
3076,174666,37,goal
3076,174626,52,goal
3076,2188,63,goal
3076,174427,24,yellow
3077,76886,3,yellow
3078,106610,48,goal
3078,77263,57,goal
3078,48315,25,yellow
3079,95648,15,goal
3079,95648,41,goal
3079,95648,44,penalty
3079,79318,46,goal
3079,95648,72,goal
3079,95648,75,goal
3079,81831,81,goal
3079,174649,12,yellow
3080,157927,23,goal
3080,63547,46,goal
3080,63545,23,yellow
3081,77376,43,goal
3081,54895,47,goal
3081,44584,77,goal
3081,54895,12,yellow
3082,77510,5,goal
3082,53367,3,yellow
3083,77322,45,goal
3083,77319,90,goal
3083,54299,32,yellow
3084,58455,61,goal
3084,58105,90,goal
3084,58455,7,yellow
3084,81656,67,red
3085,44739,6,goal
3085,166579,8,goal
3085,174666,11,goal
3085,44739,40,goal
3085,174331,90,goal
3085,76281,13,yellow
3086,174605,15,goal
3086,77892,74,goal
3086,46358,86,penalty
3086,50025,18,yellow
3087,48179,6,goal
3087,157927,51,goal
3087,94332,85,goal
3087,157927,88,goal
3087,44320,16,yellow
3088,174512,11,goal
3088,75952,16,penalty
3088,174512,18,goal
3088,2354,58,goal
3088,174364,75,goal
3088,44585,33,yellow
3089,77376,11,goal
3089,77409,41,goal
3089,174671,72,yellow
3090,96461,72,goal
3090,63529,8,yellow
3090,95008,43,red
3090,78809,85,red
3091,93859,25,goal
3091,174363,88,goal
3091,174363,102,penalty
3091,129920,2,yellow
3091,91555,75,red
3092,58455,6,goal
3092,77275,18,penalty
3092,95461,12,yellow
3092,95461,50,red
3092,77278,57,red
3095,174431,78,goal
3095,44543,88,goal
3095,44543,101,goal
3095,157927,115,goal
3095,174632,7,yellow
3095,44617,101,red
3096,174742,47,penalty
3096,58455,75,goal
3096,52856,78,goal
3096,76281,14,yellow
3097,77240,25,goal
3097,160368,58,goal
3097,174363,88,goal
3097,96007,3,yellow
3098,63547,53,goal
3098,96461,63,goal
3098,77376,64,goal
3098,44759,76,goal
3098,63517,81,goal
3098,44759,40,yellow
3099,63547,80,goal
3099,92713,3,yellow
3099,44687,63,red
31,44630,21,yellow
31,44591,31,red
3100,174363,21,goal
3100,174363,25,goal
3100,58455,44,penalty
3100,52406,52,yellow
3103,174431,8,goal
3103,95668,30,goal
3103,77995,37,goal
3103,157927,40,goal
3103,76242,70,yellow
3104,63529,4,yellow
342,174687,41,goal
342,174687,55,penalty
342,174659,11,yellow
348,174747,11,goal
348,174642,81,penalty
348,44672,86,goal
348,44687,59,yellow
355,44645,26,goal
355,174403,40,penalty
355,174594,50,goal
355,174449,60,goal
355,44645,78,goal
355,174719,90,goal
355,174683,30,yellow
355,44766,52,red
364,44677,5,goal
364,174834,9,goal
364,94432,22,goal
364,174834,46,goal
364,174882,90,goal
364,174430,20,yellow
364,174787,76,red
377,55528,66,goal
378,159846,15,goal
378,159846,68,goal
378,63581,70,goal
378,53379,33,yellow
379,44752,6,goal
379,60352,59,goal
379,53585,36,yellow
388,174732,51,goal
388,174732,63,goal
388,59586,27,yellow
389,44707,3,goal
389,174440,76,goal
389,174484,25,yellow
392,174732,51,goal
392,174732,55,goal
392,174708,81,goal
392,49325,9,yellow
393,174434,23,goal
393,44707,56,goal
393,44587,74,goal
393,44739,81,goal
393,174440,84,goal
393,174732,17,yellow
394,174342,6,penalty
394,174732,34,goal
394,174391,54,yellow
395,44707,6,goal
395,44585,18,goal
395,44707,46,goal
395,55941,73,goal
395,51091,44,yellow
398,55975,42,goal
398,49800,30,yellow
4000,3242,5,goal
4000,95068,38,penalty
4000,95055,74,owngoal
4000,157541,25,yellow
42,44611,78,goal
42,174602,6,yellow
421,43988,35,goal
421,163644,85,goal
421,44042,24,yellow
422,43988,11,goal
422,49383,27,goal
422,95450,43,goal
422,44006,73,goal
422,174554,104,goal
422,45546,111,penalty
422,174857,63,yellow
427,44619,16,goal
427,44006,21,penalty
427,200785,59,goal
427,46282,1,yellow
427,46282,52,red
428,56535,23,goal
428,174153,39,goal
428,44723,45,goal
428,174153,23,yellow
429,44728,30,goal
429,47133,50,goal
429,59586,59,goal
429,47133,76,goal
429,43988,55,yellow
43,174403,31,penalty
43,174843,22,yellow
432,174386,27,goal
432,44619,56,goal
432,174386,70,goal
432,43988,77,goal
432,44042,102,goal
432,44006,110,goal
432,174386,111,penalty
432,56809,65,yellow
439,63627,62,goal
439,51698,4,yellow
43950001,185142,30,goal
43950001,95448,45,yellow
43950002,154626,39,goal
43950002,179619,52,goal
43950002,118290,30,yellow
43950003,154949,45,goal
43950003,4388,47,goal
43950003,154949,83,goal
43950003,95028,25,yellow
43950004,182206,20,goal
43950004,182206,25,goal
43950004,177667,40,goal
43950004,168509,45,goal
43950004,182206,70,goal
43950004,155354,73,goal
43950004,155334,84,goal
43950004,164548,90,goal
43950004,155370,43,yellow
43950005,161455,24,goal
43950005,95673,59,goal
43950005,161455,12,yellow
43950006,4039,39,goal
43950006,162012,55,goal
43950006,181632,63,goal
43950006,170647,90,penalty
43950006,177007,3,yellow
43950007,75952,63,goal
43950007,3076,51,yellow
43950008,155148,44,goal
43950008,183383,74,goal
43950008,157897,82,goal
43950008,174605,87,penalty
43950008,183383,36,yellow
43950009,162580,60,penalty
43950009,170829,59,red
43950010,166347,45,goal
43950010,92699,50,goal
43950010,170691,87,penalty
43950010,159357,21,yellow
43950010,177731,86,red
43950010,166286,90,red
43950011,155979,7,goal
43950011,155979,27,goal
43950011,3512,14,yellow
43950012,170167,61,goal
43950012,154801,65,goal
43950012,170171,15,yellow
43950013,44755,57,goal
43950013,182445,59,goal
43950013,177771,67,goal
43950013,184585,75,goal
43950013,184585,21,yellow
43950014,174626,26,goal
43950014,156242,53,goal
43950014,178969,31,yellow
43950015,178833,59,goal
43950015,77516,64,penalty
43950015,189925,27,yellow
43950016,178412,4,goal
43950016,160555,29,owngoal
43950016,158471,36,goal
43950016,159294,39,goal
43950016,158451,71,owngoal
43950016,159294,34,yellow
43950017,182206,19,goal
43950017,179102,90,goal
43950018,177265,11,yellow
43950018,170711,25,red
43950019,170667,66,goal
43950019,154649,10,yellow
43950020,154949,16,penalty
43950020,182157,52,goal
43950020,171139,7,yellow
43950020,182157,80,red
43950021,178390,27,goal
43950021,77995,35,goal
43950021,77995,63,penalty
43950021,168741,31,yellow
43950022,177914,10,owngoal
43950022,170678,53,goal
43950022,170678,69,goal
43950022,174605,83,penalty
43950022,179536,9,yellow
43950023,161454,44,penalty
43950023,75952,13,yellow
43950024,4078,4,goal
43950024,93410,12,yellow
43950025,155979,55,goal
43950025,187258,73,goal
43950025,164496,76,goal
43950025,179049,39,yellow
43950026,170688,15,goal
43950026,170691,32,goal
43950026,3243,45,penalty
43950026,92699,55,goal
43950026,3243,25,yellow
43950027,155011,5,goal
43950027,185038,28,goal
43950027,70097,57,goal
43950027,3508,15,yellow
43950028,179306,56,owngoal
43950028,182590,86,goal
43950028,162055,20,yellow
43950029,177771,51,goal
43950029,186804,13,yellow
43950030,178091,24,goal
43950030,156216,78,goal
43950030,158461,30,yellow
43950031,44755,13,goal
43950031,4339,17,goal
43950031,159366,22,yellow
43950032,166375,14,goal
43950032,166375,65,goal
43950032,166375,77,goal
43950032,161070,88,goal
43950032,95548,21,yellow
43950033,179027,22,goal
43950033,154949,67,goal
43950033,160559,8,yellow
43950034,4108,20,penalty
43950034,185142,26,goal
43950034,185142,38,goal
43950034,185368,46,goal
43950034,189259,69,goal
43950034,158435,88,penalty
43950034,4102,2,yellow
43950035,155336,50,goal
43950035,182206,79,goal
43950035,111332,8,yellow
43950035,165009,40,red
43950035,159566,77,red
43950036,179102,7,goal
43950036,155818,61,goal
43950036,179104,87,goal
43950036,170787,61,yellow
43950037,179023,59,goal
43950037,162680,88,goal
43950037,78407,55,yellow
43950037,174454,45,red
43950039,155148,4,goal
43950039,170650,31,goal
43950039,168776,45,goal
43950039,93410,53,goal
43950039,155148,56,goal
43950039,4079,16,yellow
43950040,177700,45,goal
43950040,182783,65,goal
43950040,162013,73,goal
43950040,182783,84,goal
43950040,170674,4,yellow
43950040,170674,22,red
43950040,186557,81,red
43950041,92699,10,goal
43950041,92699,13,goal
43950041,178116,38,goal
43950041,154799,39,goal
43950041,170167,56,goal
43950041,170691,62,goal
43950041,178112,64,goal
43950041,76824,90,yellow
43950042,166347,6,goal
43950042,167060,9,goal
43950042,177734,85,goal
43950042,162055,19,yellow
43950042,183443,58,red
43950043,185038,34,goal
43950043,155963,85,goal
43950043,162670,2,yellow
43950044,178842,48,goal
43950044,170753,72,yellow
43950045,156053,48,goal
43950045,156055,75,goal
43950045,213370,21,yellow
43950046,76144,7,goal
43950046,77512,52,goal
43950046,184587,78,goal
43950046,44755,82,goal
43950046,189214,88,goal
43950046,159558,12,yellow
43950047,177788,70,goal
43950047,159294,22,yellow
43950047,163936,27,red
43950047,159294,66,red
43950048,178975,3,goal
43950048,178976,5,goal
43950048,178968,66,goal
43950048,175507,83,goal
43950048,166751,44,yellow
43950049,179558,88,goal
43950049,157138,26,yellow
43950049,157138,90,red
43950050,170721,5,goal
43950050,170722,22,goal
43950050,177656,44,goal
43950050,95174,24,yellow
43950051,77995,11,goal
43950051,4102,37,goal
43950051,4102,14,goal
43950051,178878,73,yellow
43950052,170678,8,goal
43950052,179102,90,penalty
43950052,184438,62,yellow
43950053,158471,8,goal
43950053,175507,65,goal
43950053,158473,26,yellow
43950053,178119,88,red
43950054,170691,67,goal
43950054,92699,87,goal
43950054,177682,24,yellow
43950055,177734,12,goal
43950055,177731,21,yellow
43950056,155979,18,goal
43950056,177806,88,goal
43950056,156216,27,goal
43950056,177880,4,yellow
43950056,165247,13,red
43950057,170722,23,goal
43950057,170691,45,goal
43950057,3243,50,goal
43950057,155117,75,yellow
43950057,3243,57,red
43950058,177667,39,goal
43950058,178101,40,yellow
43950059,156242,52,yellow
43950060,186677,4,goal
43950060,177515,12,yellow
43950061,177667,75,goal
43950061,177667,71,yellow
43950062,92699,49,goal
43950062,187267,41,yellow
43950063,163107,1,goal
43950063,189571,9,goal
43950063,186677,13,goal
43950063,186677,32,goal
43950063,179025,90,goal
43950063,189571,23,yellow
43950064,92699,67,goal
43950064,92699,79,goal
43950064,178105,6,yellow
440,55528,17,goal
440,28528,41,goal
441,55528,15,goal
441,63548,42,goal
441,55528,87,goal
441,48672,12,yellow
444,63627,30,penalty
444,63548,55,goal
444,179502,79,goal
444,55528,83,penalty
444,48820,13,yellow
459,174342,43,goal
459,58105,85,goal
459,174391,48,yellow
460,49898,11,goal
460,181121,70,goal
460,174662,31,yellow
463,174797,34,goal
463,57857,61,goal
463,45732,58,yellow
468,95450,79,goal
475,49148,2,goal
475,48469,75,goal
475,58636,52,yellow
475,58636,85,red
476,174409,58,goal
476,44775,74,goal
48,174815,49,owngoal
48,44578,63,goal
48,174792,83,goal
48,44787,21,yellow
48,174356,33,red
511,55555,33,penalty
511,174442,43,goal
511,174442,57,goal
511,166547,68,penalty
511,174442,80,goal
511,174442,89,penalty
511,45574,26,yellow
512,55555,43,penalty
512,49091,62,goal
512,45799,36,yellow
512,45799,88,red
517,174520,57,goal
517,46491,84,yellow
522,174520,11,goal
522,52953,41,goal
522,189880,45,penalty
522,44298,52,goal
522,174520,67,goal
522,174520,80,goal
522,55555,88,goal
522,174803,7,yellow
522,46827,19,red
533,44753,40,yellow
533,44753,42,red
536,174708,31,goal
536,174384,56,goal
536,174708,72,goal
536,167893,37,yellow
537,174708,9,goal
537,174708,14,goal
537,174708,34,goal
537,49325,52,yellow
538,63677,75,goal
538,49325,17,yellow
55,174867,119,goal
55,174553,87,yellow
551,174442,2,goal
551,44594,18,goal
551,47815,47,goal
551,166470,50,yellow
56,166466,26,penalty
56,44731,29,goal
56,166540,38,goal
564,174427,9,goal
564,44739,90,goal
564,174724,59,yellow
567,58469,29,goal
567,44690,62,goal
567,44577,84,goal
567,45969,41,yellow
568,28528,15,goal
568,58469,57,goal
568,174492,16,yellow
57,174490,53,goal
57,174496,64,goal
57,44001,39,yellow
571,44552,53,goal
571,174535,62,goal
571,44552,30,yellow
574,174742,88,goal
574,52717,29,yellow
575,45078,20,yellow
575,174392,65,red
575,45078,100,red
580,58474,18,goal
580,44739,22,goal
580,174339,50,goal
580,45752,30,yellow
585,174345,4,goal
585,174339,84,goal
585,48591,28,yellow
610,60106,2,goal
610,174334,4,goal
610,174386,24,penalty
610,44768,66,goal
610,48188,73,owngoal
610,56993,80,goal
627,56535,54,goal
627,54202,30,yellow
628,57097,35,goal
628,53436,29,yellow
643,174342,17,goal
643,44001,62,goal
643,174342,73,goal
643,47704,82,owngoal
643,51091,83,goal
643,174662,17,yellow
66,174473,15,goal
66,44619,24,goal
66,43988,47,goal
66,174390,73,goal
66,174557,35,yellow
66,174557,42,red
674,58975,33,yellow
675,52077,19,goal
675,52077,27,goal
675,52517,62,goal
675,166526,79,goal
675,174566,64,yellow
680,174543,3,goal
680,57097,85,goal
680,169965,5,yellow
701,44647,68,goal
701,60006,46,yellow
712,47147,32,yellow
712,174381,1,red
73,63524,33,goal
73,174636,16,yellow
739,44607,55,goal
739,52483,67,goal
739,53585,67,yellow
74,63524,81,goal
74,174642,5,yellow
740,45875,7,goal
740,45875,31,goal
740,46465,35,goal
740,55032,59,penalty
740,52964,73,goal
740,52964,1,yellow
741,53379,54,goal
741,44587,67,goal
741,43897,68,goal
741,174619,57,yellow
749,44723,62,goal
749,54248,50,yellow
75,55528,40,goal
75,55528,63,goal
75,174431,79,goal
75,63527,38,yellow
750,63650,11,goal
750,63736,66,goal
750,252326,75,goal
750,174500,89,goal
750,174840,33,yellow
750,174732,85,red
751,174840,22,penalty
751,174395,54,goal
751,55706,20,yellow
752,174395,26,goal
752,174732,28,goal
752,174732,57,goal
752,174354,60,goal
752,56368,76,goal
753,44684,57,goal
753,174446,67,goal
753,174840,83,goal
753,174555,1,yellow
753,44124,84,red
764,44607,22,goal
764,48356,12,yellow
767,174554,39,goal
767,55413,60,yellow
770,174619,10,goal
770,50899,32,yellow
771,50531,27,goal
771,174856,50,goal
771,50899,68,goal
771,50531,75,goal
771,56258,86,yellow
774,47861,19,goal
774,55706,17,yellow
779,59460,27,goal
779,48143,76,goal
779,174857,65,yellow
782,160825,4,goal
782,160825,26,goal
782,160825,53,goal
782,44647,48,yellow
783,55462,48,owngoal
783,174396,1,yellow
788,44582,5,goal
788,63627,12,goal
788,44582,25,goal
788,63630,68,goal
788,44582,74,goal
788,174555,13,yellow
789,63650,28,goal
789,63650,31,goal
789,63630,64,goal
789,63736,70,goal
790,54948,18,goal
790,63650,33,goal
790,63648,48,goal
790,63651,63,goal
790,63630,87,goal
791,46115,34,goal
791,63627,75,goal
791,63651,88,goal
813,44587,9,goal
813,44587,57,goal
813,44587,66,goal
813,56785,83,goal
813,54559,90,goal
813,48755,11,yellow
828,174574,60,goal
828,53311,61,goal
828,54860,36,yellow
833,174794,80,yellow
834,55837,34,yellow
8725,76948,37,goal
8725,181656,45,owngoal
8725,156741,60,goal
8725,129893,61,goal
8725,156734,79,yellow
8726,155979,11,goal
8726,154557,45,goal
8726,154557,48,goal
8726,174363,84,penalty
8726,155964,8,yellow
8727,171398,77,goal
8727,174872,90,goal
8727,174858,27,yellow
8728,166906,27,yellow
8728,166906,89,red
8729,95166,69,goal
8729,162788,11,yellow
8730,160559,36,goal
8730,170641,77,owngoal
8730,170711,90,goal
8730,95448,28,yellow
8731,174605,21,goal
8731,93446,24,goal
8731,155148,47,goal
8731,44789,73,owngoal
8731,106557,78,goal
8731,77886,56,yellow
8732,77929,27,goal
8732,77290,50,goal
8732,170333,75,goal
8732,170333,84,goal
8732,156236,20,yellow
8732,77929,30,red
8733,44655,20,yellow
8733,155670,82,red
8734,75952,28,goal
8734,51196,26,yellow
8735,158770,73,goal
8735,158777,42,yellow
8736,159172,27,goal
8736,159346,45,goal
8736,174882,53,goal
8736,155711,69,goal
8736,155708,5,yellow
8738,155355,10,goal
8738,174666,67,goal
8738,155344,30,yellow
8739,157403,45,goal
8739,154743,47,yellow
8740,95571,42,goal
8740,155117,89,goal
8740,170737,48,yellow
8741,156980,46,goal
8741,157525,66,goal
8741,174513,24,yellow
8742,92699,9,goal
8742,170691,45,goal
8742,96461,50,goal
8742,156741,32,yellow
8743,154557,70,goal
8743,154102,90,goal
8743,154565,16,yellow
8744,170774,7,goal
8744,155979,75,goal
8744,155979,89,goal
8744,154649,6,yellow
8744,130674,42,red
8745,170711,37,goal
8745,170709,68,goal
8745,170711,78,goal
8745,166722,85,goal
8745,156251,7,yellow
8745,77505,19,red
8745,163331,71,red
8746,24456,12,goal
8746,170650,51,goal
8746,154945,23,yellow
8746,154935,66,red
8746,170643,68,red
8746,164614,85,red
8747,77325,28,goal
8747,93446,20,yellow
8748,155151,8,yellow
8749,161077,37,goal
8749,91967,41,goal
8749,77376,71,goal
8749,155681,80,goal
8749,95564,83,goal
8749,156220,26,yellow
8750,44755,42,goal
8750,44755,47,goal
8750,77275,55,penalty
8750,162580,62,goal
8750,177982,39,yellow
8750,156614,28,red
8750,154199,54,red
8751,155711,77,goal
8751,174882,26,yellow
8752,78384,31,goal
8752,78384,55,goal
8752,75952,73,goal
8752,75952,78,goal
8752,75952,83,penalty
8752,170825,4,yellow
8752,170825,45,red
8753,54219,13,goal
8753,44667,52,goal
8753,158770,72,owngoal
8753,155334,78,goal
8753,174742,75,yellow
8754,94088,41,goal
8754,155853,83,goal
8754,158471,87,goal
8754,170073,8,yellow
8755,170713,82,goal
8755,213370,16,yellow
8756,123663,46,goal
8756,170722,81,goal
8756,56197,90,goal
8756,2354,4,yellow
8757,155979,48,goal
8757,174363,90,goal
8757,174602,90,penalty
8757,95462,3,yellow
8758,156732,23,goal
8758,156741,46,goal
8758,156732,85,goal
8758,31816,21,yellow
8758,157525,53,red
8759,96461,78,goal
8759,156982,83,goal
8759,56798,89,penalty
8759,77414,54,yellow
8760,154559,20,goal
8760,154626,56,goal
8760,170657,8,yellow
8760,170657,51,red
8760,171400,88,red
8761,174605,6,penalty
8761,77892,18,goal
8761,170678,55,goal
8761,52406,58,goal
8761,170678,81,goal
8761,159282,88,owngoal
8761,155142,90,goal
8761,159945,16,yellow
8762,95664,12,penalty
8762,44298,42,penalty
8762,95448,56,goal
8762,160998,53,yellow
8763,162008,1,goal
8763,156922,11,goal
8763,162752,58,goal
8763,162010,86,goal
8763,156906,25,yellow
8764,157429,18,goal
8764,77503,45,penalty
8764,159267,74,penalty
8764,157429,90,penalty
8764,156247,30,yellow
8765,55176,7,goal
8765,156242,72,goal
8765,169918,48,yellow
8766,161077,4,goal
8766,95564,18,goal
8766,77290,75,goal
8766,170333,90,goal
8766,156630,18,yellow
8766,177982,89,red
8767,155334,50,goal
8767,174666,57,goal
8767,174666,31,yellow
8768,170749,3,goal
8768,84703,13,yellow
8769,158279,12,penalty
8769,123663,71,goal
8769,171150,28,yellow
877,44753,15,yellow
8770,161516,20,goal
8770,161454,29,goal
8770,111342,20,yellow
8771,156015,39,goal
8771,156015,54,goal
8771,94407,74,goal
8771,156065,4,yellow
8772,153970,36,goal
8772,253567,20,yellow
8773,3242,11,goal
8773,3242,26,goal
8773,92699,45,penalty
8773,154557,70,goal
8773,92699,72,goal
8773,154533,34,yellow
8774,155979,18,goal
8774,156980,35,yellow
8775,95261,3,goal
8775,52802,12,goal
8775,171139,58,goal
8775,154928,76,goal
8775,156902,77,goal
8775,95166,24,yellow
8776,46662,114,goal
8776,160374,19,yellow
8777,170333,47,goal
8777,174666,74,goal
8777,155334,86,goal
8777,155332,45,yellow
8778,77376,38,goal
8778,170749,48,goal
8778,160385,90,goal
8778,44667,38,yellow
8779,75952,5,penalty
8779,95571,9,penalty
8779,170722,16,goal
8779,153980,45,goal
8779,44621,5,yellow
8779,161454,47,red
878,44573,1,goal
878,58227,24,goal
878,44573,67,goal
878,53649,83,goal
878,174441,34,yellow
8780,155711,45,penalty
8780,155688,27,yellow
8781,155963,26,yellow
8782,168837,2,goal
8782,96461,10,goal
8782,170691,25,goal
8782,52802,50,goal
8782,170691,59,goal
8782,170688,11,yellow
8783,174637,45,goal
8783,155713,80,goal
8783,155711,85,goal
8783,155707,13,yellow
8783,155369,40,red
8784,155670,12,goal
8784,170102,17,goal
8784,77376,90,goal
8784,155677,10,yellow
8784,95134,76,red
8784,78384,87,red
8785,92699,46,goal
8785,155670,87,goal
8785,63525,31,yellow
8786,155711,46,goal
8786,163666,47,goal
8786,163666,70,goal
8786,155686,45,yellow
8786,46662,76,red
8787,174882,14,goal
8787,155685,22,goal
8787,155711,36,goal
8787,170478,34,yellow
8788,163331,27,goal
8788,163331,45,goal
8788,95448,90,goal
8788,170686,33,yellow
8788,95650,68,red
879,44664,68,yellow
882,49571,27,goal
882,53649,43,yellow
889,49571,62,goal
889,46236,66,owngoal
889,47486,40,yellow
896,174810,4,goal
896,56368,11,goal
896,44094,23,goal
896,59088,50,goal
896,44094,54,goal
896,56661,64,goal
896,69419,69,goal
896,58660,70,goal
896,69419,72,goal
896,69419,76,goal
896,174810,83,goal
896,174810,1,yellow
900,174711,50,goal
900,44107,75,goal
900,60272,82,goal
900,44107,1,yellow
901,60317,7,goal
901,168801,65,penalty
902,45793,47,goal
902,63577,20,yellow
902,48672,62,red
903,50281,10,goal
903,63577,14,penalty
903,57627,66,goal
903,58464,35,yellow
914,174711,17,goal
914,28528,26,penalty
914,44701,92,goal
914,174563,98,goal
914,44587,102,goal
914,44107,108,goal
914,174563,35,yellow
919,174554,31,goal
919,28528,43,goal
919,58116,48,goal
919,45189,75,goal
919,174423,89,goal
919,45176,30,yellow
920,174563,33,goal
920,44577,46,goal
920,44577,68,goal
920,45793,75,goal
920,174563,80,goal
920,44690,57,yellow
921,49971,13,goal
921,44679,40,goal
921,53454,44,goal
921,52583,46,goal
921,48030,72,goal
921,47055,62,yellow
922,58116,66,goal
922,174835,84,penalty
922,45546,47,yellow
922,59682,87,red
923,44582,57,goal
923,44684,69,goal
923,174342,81,goal
923,174428,83,goal
923,174477,31,yellow
959,45793,9,goal
959,52681,60,goal
962,56207,88,penalty
962,52532,81,yellow
962,60142,89,red
97410001,196748,6,goal
97410001,154799,12,goal
97410001,182206,17,goal
97410001,182206,61,goal
97410001,154799,73,goal
97410001,182207,87,goal
97410001,194152,30,yellow
97410002,187434,24,goal
97410002,155011,80,goal
97410002,169238,31,yellow
97410003,94915,3,owngoal
97410003,214961,19,yellow
97410004,158221,15,yellow
97410004,158221,46,red
97410005,162680,24,goal
97410005,178837,38,goal
97410005,212306,82,owngoal
97410005,178837,41,yellow
97410006,184616,18,goal
97410006,170750,34,yellow
97410007,214007,28,goal
97410007,155851,36,goal
97410007,214007,76,goal
97410007,218252,79,goal
97410007,70097,18,yellow
97410008,166375,4,goal
97410008,201200,26,yellow
97410009,177876,40,goal
97410009,234927,83,goal
97410009,209119,10,yellow
97410010,177712,5,goal
97410010,177823,36,goal
97410010,177823,76,goal
97410010,175511,5,yellow
97410011,184312,44,goal
97410011,155696,32,yellow
97410012,177773,26,goal
97410012,213001,84,goal
97410012,213001,89,goal
97410012,154050,90,goal
97410012,177760,31,yellow
97410013,178789,42,yellow
97410014,158048,31,owngoal
97410014,178469,54,goal
97410014,156216,72,goal
97410014,93299,23,yellow
97410014,93299,53,red
97410015,207528,13,goal
97410015,229884,17,goal
97410015,229884,48,penalty
97410015,183864,81,goal
97410015,216223,17,yellow
97410015,166297,47,red
97410016,176953,23,goal
97410016,210439,57,goal
97410016,77503,84,goal
97410016,158268,90,goal
97410016,210564,35,yellow
97410017,179558,90,goal
97410017,178969,3,yellow
97410017,217260,75,red
97410018,187434,8,goal
97410018,155011,54,goal
97410018,3508,90,goal
97410018,170171,10,yellow
97410019,194176,83,goal
97410019,214961,91,goal
97410019,214131,18,yellow
97410020,169551,89,goal
97410020,162763,3,yellow
97410021,184291,6,goal
97410021,183574,31,goal
97410021,184291,41,goal
97410021,162680,78,goal
97410021,182373,84,goal
97410021,229397,88,goal
97410021,217015,7,yellow
97410021,177709,65,red
97410022,217315,23,goal
97410022,183576,27,goal
97410022,211352,38,goal
97410022,176971,25,yellow
97410023,176992,13,yellow
97410023,205056,79,red
97410024,199026,63,goal
97410024,201200,80,penalty
97410024,185641,20,yellow
97410025,210205,22,goal
97410025,210192,27,owngoal
97410025,165247,5,yellow
97410025,209119,28,red
97410025,188293,45,red
97410025,158473,47,red
97410026,208353,2,goal
97410026,183000,82,goal
97410026,178264,18,yellow
97410026,177894,65,red
97410027,175683,49,goal
97410027,233952,90,goal
97410027,178306,13,yellow
97410028,177760,21,yellow
97410029,170711,9,goal
97410029,177788,81,goal
97410029,207763,11,yellow
97410030,182647,16,goal
97410030,209979,88,goal
97410030,4309,45,yellow
97410031,213369,8,goal
97410031,155148,71,goal
97410031,183864,76,goal
97410031,183864,90,penalty
97410031,177914,30,yellow
97410032,216223,4,goal
97410032,158385,36,goal
97410032,158386,46,goal
97410032,216226,84,goal
97410032,178945,22,yellow
97410033,182206,4,goal
97410033,182206,44,goal
97410033,196789,57,goal
97410033,202544,52,yellow
97410034,170167,25,goal
97410034,216135,33,goal
97410034,216135,66,goal
97410034,208120,17,yellow
97410035,179662,34,goal
97410035,177703,51,goal
97410035,214961,85,goal
97410035,77995,90,goal
97410035,182050,76,yellow
97410036,4332,25,owngoal
97410036,182783,86,goal
97410036,170674,30,yellow
97410037,217313,28,yellow
97410038,216929,10,goal
97410038,216929,20,goal
97410038,176984,37,penalty
97410038,176984,67,goal
97410038,177615,86,penalty
97410038,158775,17,yellow
97410038,158775,45,red
97410038,3347,90,red
97410039,214964,6,goal
97410039,179159,24,penalty
97410039,214012,29,goal
97410039,209960,22,yellow
97410039,176549,61,red
97410040,176991,60,goal
97410040,159284,75,goal
97410040,209201,22,yellow
97410041,184451,26,goal
97410041,155969,87,goal
97410041,177845,31,yellow
97410041,177897,45,red
97410042,235367,22,goal
97410042,207851,43,goal
97410042,155382,45,penalty
97410042,175524,5,yellow
97410043,211976,34,goal
97410043,92699,45,goal
97410043,176530,53,goal
97410043,176534,59,goal
97410043,92699,81,goal
97410043,194226,40,yellow
97410044,210704,2,goal
97410044,154061,38,penalty
97410044,155696,56,goal
97410044,159069,79,goal
97410044,155707,32,yellow
97410044,155707,85,red
97410044,178306,87,red
97410044,188511,90,red
97410045,170707,55,goal
97410045,170711,61,goal
97410045,181293,30,yellow
97410046,209989,23,goal
97410046,182647,77,goal
97410046,207761,23,yellow
97410047,198446,36,goal
97410047,77503,27,yellow
97410048,158386,70,penalty
97410048,176953,9,yellow
97410048,176953,45,red
97410049,196789,4,goal
97410049,196789,12,goal
97410049,182207,27,yellow
97410049,185507,35,red
97410050,178119,6,goal
97410050,162680,10,goal
97410050,184291,98,goal
97410050,201964,45,yellow
97410051,161454,60,goal
97410051,214962,18,yellow
97410052,214964,23,goal
97410052,179568,2,yellow
97410052,177657,45,red
97410052,218246,63,red
97410052,199026,78,red
97410052,155679,90,red
97410053,165247,90,penalty
97410053,178324,23,yellow
97410053,184451,50,red
97410054,209979,59,yellow
97410055,92699,5,goal
97410055,175683,45,goal
97410055,170687,84,goal
97410055,155382,7,yellow
97410055,208353,81,red
97410056,229884,28,penalty
97410056,248373,41,goal
97410056,170707,83,goal
97410056,163331,90,goal
97410056,170707,68,yellow
97410057,153933,49,goal
97410057,182206,80,goal
97410057,196789,3,yellow
97410057,193984,120,red
97410058,177655,6,goal
97410058,217882,59,goal
97410058,217882,69,goal
97410058,229846,16,yellow
97410059,214962,30,yellow
97410059,196842,62,red
97410060,170711,57,goal
97410060,76824,25,yellow
97410061,230756,119,goal
97410061,155963,120,goal
97410061,191193,40,yellow
97410062,163331,33,penalty
97410062,214957,83,yellow
97410063,196752,56,goal
97410063,182197,60,owngoal
97410063,196752,78,goal
97410063,165260,88,goal
97410063,182207,7,yellow
97410064,163331,7,penalty
97410064,184451,19,goal
97410064,177655,5,yellow
97410064,163331,110,red
994,174477,18,goal
994,48535,83,goal
994,44684,52,yellow
995,174734,1,yellow
996,44582,22,goal
996,44582,73,goal
996,53454,43,yellow
